{
	"code": "c0",
	"desc": "Total",
	"class": "",
	"vals": [547473, 547473, 0, 0],
	"level": "0",
	"group": "",
	"children": [{
			"code": "c1",
			"desc": "EU",
			"class": "c1",
			"vals": [235838, 235838, 0, 0],
			"level": "1",
			"group": "c1",
			"children": [{
					"code": "c1_1",
					"desc": "Austria",
					"class": "c1",
					"vals": [3012, 3012, 0, 0],
					"level": "2",
					"group": "c1"
				},
				{
					"code": "c1_2",
					"desc": "Belgium",
					"class": "c1",
					"vals": [15854, 15854, 0, 0],
					"level": "2",
					"group": "c1"
				},
				{
					"code": "c1_3",
					"desc": "Bulgaria",
					"class": "c1",
					"vals": [684, 684, 0, 0],
					"level": "2",
					"group": "c1"
				},
				{
					"code": "c1_4",
					"desc": "Croatia",
					"class": "c1",
					"vals": [281, 281, 0, 0],
					"level": "2",
					"group": "c1"
				},
				{
					"code": "c1_5",
					"desc": "Cyprus",
					"class": "c1",
					"vals": [1055, 1055, 0, 0],
					"level": "2",
					"group": "c1"
				},
				{
					"code": "c1_6",
					"desc": "Czech Republic",
					"class": "c1",
					"vals": [3100, 3100, 0, 0],
					"level": "2",
					"group": "c1"
				},
				{
					"code": "c1_7",
					"desc": "Denmark",
					"class": "c1",
					"vals": [5782, 5782, 0, 0],
					"level": "2",
					"group": "c1"
				},
				{
					"code": "c1_8",
					"desc": "Estonia",
					"class": "c1",
					"vals": [292, 292, 0, 0],
					"level": "2",
					"group": "c1"
				},
				{
					"code": "c1_9",
					"desc": "Finland",
					"class": "c1",
					"vals": [2700, 2700, 0, 0],
					"level": "2",
					"group": "c1"
				},
				{
					"code": "c1_10",
					"desc": "France",
					"class": "c1",
					"vals": [33848, 33848, 0, 0],
					"level": "2",
					"group": "c1"
				},
				{
					"code": "c1_11",
					"desc": "Germany",
					"class": "c1",
					"vals": [49123, 49123, 0, 0],
					"level": "2",
					"group": "c1"
				},
				{
					"code": "c1_12",
					"desc": "Greece",
					"class": "c1",
					"vals": [1812, 1812, 0, 0],
					"level": "2",
					"group": "c1"
				},
				{
					"code": "c1_13",
					"desc": "Hungary",
					"class": "c1",
					"vals": [1939, 1939, 0, 0],
					"level": "2",
					"group": "c1"
				},
				{
					"code": "c1_14",
					"desc": "Ireland",
					"class": "c1",
					"vals": [26675, 26675, 0, 0],
					"level": "2",
					"group": "c1"
				},
				{
					"code": "c1_15",
					"desc": "Italy",
					"class": "c1",
					"vals": [17313, 17313, 0, 0],
					"level": "2",
					"group": "c1"
				},
				{
					"code": "c1_16",
					"desc": "Latvia",
					"class": "c1",
					"vals": [354, 354, 0, 0],
					"level": "2",
					"group": "c1"
				},
				{
					"code": "c1_17",
					"desc": "Lithuania",
					"class": "c1",
					"vals": [540, 540, 0, 0],
					"level": "2",
					"group": "c1"
				},
				{
					"code": "c1_18",
					"desc": "Luxembourg",
					"class": "c1",
					"vals": [2590, 2590, 0, 0],
					"level": "2",
					"group": "c1"
				},
				{
					"code": "c1_19",
					"desc": "Malta",
					"class": "c1",
					"vals": [1092, 1092, 0, 0],
					"level": "2",
					"group": "c1"
				},
				{
					"code": "c1_20",
					"desc": "Netherlands",
					"class": "c1",
					"vals": [31022, 31022, 0, 0],
					"level": "2",
					"group": "c1"
				},
				{
					"code": "c1_21",
					"desc": "Poland",
					"class": "c1",
					"vals": [5883, 5883, 0, 0],
					"level": "2",
					"group": "c1"
				},
				{
					"code": "c1_22",
					"desc": "Portugal",
					"class": "c1",
					"vals": [2289, 2289, 0, 0],
					"level": "2",
					"group": "c1"
				},
				{
					"code": "c1_23",
					"desc": "Romania",
					"class": "c1",
					"vals": [1784, 1784, 0, 0],
					"level": "2",
					"group": "c1"
				},
				{
					"code": "c1_24",
					"desc": "Slovakia",
					"class": "c1",
					"vals": [831, 831, 0, 0],
					"level": "2",
					"group": "c1"
				},
				{
					"code": "c1_25",
					"desc": "Slovenia",
					"class": "c1",
					"vals": [427, 427, 0, 0],
					"level": "2",
					"group": "c1"
				},
				{
					"code": "c1_26",
					"desc": "Spain",
					"class": "c1",
					"vals": [14621, 14621, 0, 0],
					"level": "2",
					"group": "c1"
				},
				{
					"code": "c1_27",
					"desc": "Sweden",
					"class": "c1",
					"vals": [10913, 10913, 0, 0],
					"level": "2",
					"group": "c1"
				}
			]
		},
		{
			"code": "c2",
			"desc": "European Free Trade Association",
			"class": "c2",
			"vals": [27510, 27510, 0, 0],
			"level": "1",
			"group": "c2",
			"children": [{
					"code": "c2_1",
					"desc": "Iceland",
					"class": "c2",
					"vals": [786, 786, 0, 0],
					"level": "2",
					"group": "c2"
				},
				{
					"code": "c2_2",
					"desc": "Norway",
					"class": "c2",
					"vals": [5676, 5676, 0, 0],
					"level": "2",
					"group": "c2"
				},
				{
					"code": "c2_3",
					"desc": "Switzerland",
					"class": "c2",
					"vals": [20988, 20988, 0, 0],
					"level": "2",
					"group": "c2"
				}
			]
		},
		{
			"code": "c3",
			"desc": "Rest of World",
			"class": "c3",
			"vals": [284125, 284125, 0, 0],
			"level": "1",
			"group": "c3",
			"children": [{
					"code": "c3_1",
					"desc": "Albania",
					"class": "c3",
					"vals": [34, 34, 0, 0],
					"level": "2",
					"group": "c3"
				},
				{
					"code": "c3_2",
					"desc": "Belarus",
					"class": "c3",
					"vals": [64, 64, 0, 0],
					"level": "2",
					"group": "c3"
				},
				{
					"code": "c3_3",
					"desc": "Russia",
					"class": "c3",
					"vals": [5339, 5339, 0, 0],
					"level": "2",
					"group": "c3"
				},
				{
					"code": "c3_4",
					"desc": "Turkey",
					"class": "c3",
					"vals": [5703, 5703, 0, 0],
					"level": "2",
					"group": "c3"
				},
				{
					"code": "c3_5",
					"desc": "Ukraine",
					"class": "c3",
					"vals": [561, 561, 0, 0],
					"level": "2",
					"group": "c3"
				},
				{
					"code": "c3_6",
					"desc": "Argentina",
					"class": "c3",
					"vals": [615, 615, 0, 0],
					"level": "2",
					"group": "c3"
				},
				{
					"code": "c3_7",
					"desc": "Brazil",
					"class": "c3",
					"vals": [3004, 3004, 0, 0],
					"level": "2",
					"group": "c3"
				},
				{
					"code": "c3_8",
					"desc": "Canada",
					"class": "c3",
					"vals": [8317, 8317, 0, 0],
					"level": "2",
					"group": "c3"
				},
				{
					"code": "c3_9",
					"desc": "Chile",
					"class": "c3",
					"vals": [792, 792, 0, 0],
					"level": "2",
					"group": "c3"
				},
				{
					"code": "c3_10",
					"desc": "Colombia",
					"class": "c3",
					"vals": [522, 522, 0, 0],
					"level": "2",
					"group": "c3"
				},
				{
					"code": "c3_11",
					"desc": "Mexico",
					"class": "c3",
					"vals": [1902, 1902, 0, 0],
					"level": "2",
					"group": "c3"
				},
				{
					"code": "c3_12",
					"desc": "United States of America",
					"class": "c3",
					"vals": [99569, 99569, 0, 0],
					"level": "2",
					"group": "c3"
				},
				{
					"code": "c3_13",
					"desc": "Uruguay",
					"class": "c3",
					"vals": [145, 145, 0, 0],
					"level": "2",
					"group": "c3"
				},
				{
					"code": "c3_14",
					"desc": "Venezuela",
					"class": "c3",
					"vals": [205, 205, 0, 0],
					"level": "2",
					"group": "c3"
				},
				{
					"code": "c3_15",
					"desc": "Central America & Carrib. exc. Mexico",
					"class": "c3",
					"vals": [5486, 5486, 0, 0],
					"level": "2",
					"group": "c3"
				},
				{
					"code": "c3_16",
					"desc": "Other Americas",
					"class": "c3",
					"vals": [560, 560, 0, 0],
					"level": "2",
					"group": "c3"
				},
				{
					"code": "c3_17",
					"desc": "China",
					"class": "c3",
					"vals": [16807, 16807, 0, 0],
					"level": "2",
					"group": "c3"
				},
				{
					"code": "c3_18",
					"desc": "Hong Kong",
					"class": "c3",
					"vals": [8815, 8815, 0, 0],
					"level": "2",
					"group": "c3"
				},
				{
					"code": "c3_19",
					"desc": "India",
					"class": "c3",
					"vals": [5741, 5741, 0, 0],
					"level": "2",
					"group": "c3"
				},
				{
					"code": "c3_20",
					"desc": "Indonesia",
					"class": "c3",
					"vals": [967, 967, 0, 0],
					"level": "2",
					"group": "c3"
				},
				{
					"code": "c3_21",
					"desc": "Iran",
					"class": "c3",
					"vals": [262, 262, 0, 0],
					"level": "2",
					"group": "c3"
				},
				{
					"code": "c3_22",
					"desc": "Israel",
					"class": "c3",
					"vals": [2093, 2093, 0, 0],
					"level": "2",
					"group": "c3"
				},
				{
					"code": "c3_23",
					"desc": "Japan",
					"class": "c3",
					"vals": [12482, 12482, 0, 0],
					"level": "2",
					"group": "c3"
				},
				{
					"code": "c3_24",
					"desc": "Malaysia",
					"class": "c3",
					"vals": [2096, 2096, 0, 0],
					"level": "2",
					"group": "c3"
				},
				{
					"code": "c3_25",
					"desc": "Pakistan",
					"class": "c3",
					"vals": [1038, 1038, 0, 0],
					"level": "2",
					"group": "c3"
				},
				{
					"code": "c3_26",
					"desc": "Philippines",
					"class": "c3",
					"vals": [531, 531, 0, 0],
					"level": "2",
					"group": "c3"
				},
				{
					"code": "c3_27",
					"desc": "Saudi Arabia",
					"class": "c3",
					"vals": [6206, 6206, 0, 0],
					"level": "2",
					"group": "c3"
				},
				{
					"code": "c3_28",
					"desc": "Singapore",
					"class": "c3",
					"vals": [7214, 7214, 0, 0],
					"level": "2",
					"group": "c3"
				},
				{
					"code": "c3_29",
					"desc": "South Korea",
					"class": "c3",
					"vals": [6070, 6070, 0, 0],
					"level": "2",
					"group": "c3"
				},
				{
					"code": "c3_30",
					"desc": "Taiwan",
					"class": "c3",
					"vals": [1980, 1980, 0, 0],
					"level": "2",
					"group": "c3"
				},
				{
					"code": "c3_31",
					"desc": "Thailand",
					"class": "c3",
					"vals": [1537, 1537, 0, 0],
					"level": "2",
					"group": "c3"
				},
				{
					"code": "c3_32",
					"desc": "Residual Gulf Arabian countries",
					"class": "c3",
					"vals": [17058, 17058, 0, 0],
					"level": "2",
					"group": "c3"
				},
				{
					"code": "c3_33",
					"desc": "Other Near & Middle Eastern Countries",
					"class": "c3",
					"vals": [1728, 1728, 0, 0],
					"level": "2",
					"group": "c3"
				},
				{
					"code": "c3_34",
					"desc": "Other Asia",
					"class": "c3",
					"vals": [5938, 5938, 0, 0],
					"level": "2",
					"group": "c3"
				},
				{
					"code": "c3_35",
					"desc": "Australia",
					"class": "c3",
					"vals": [8607, 8607, 0, 0],
					"level": "2",
					"group": "c3"
				},
				{
					"code": "c3_36",
					"desc": "New Zealand",
					"class": "c3",
					"vals": [1294, 1294, 0, 0],
					"level": "2",
					"group": "c3"
				},
				{
					"code": "c3_37",
					"desc": "Other Australasia and Oceania",
					"class": "c3",
					"vals": [1641, 1641, 0, 0],
					"level": "2",
					"group": "c3"
				},
				{
					"code": "c3_38",
					"desc": "Egypt",
					"class": "c3",
					"vals": [1993, 1993, 0, 0],
					"level": "2",
					"group": "c3"
				},
				{
					"code": "c3_39",
					"desc": "Morocco",
					"class": "c3",
					"vals": [1036, 1036, 0, 0],
					"level": "2",
					"group": "c3"
				},
				{
					"code": "c3_40",
					"desc": "South Africa",
					"class": "c3",
					"vals": [4332, 4332, 0, 0],
					"level": "2",
					"group": "c3"
				},
				{
					"code": "c3_41",
					"desc": "Algeria, Tunisia and Libya",
					"class": "c3",
					"vals": [1136, 1136, 0, 0],
					"level": "2",
					"group": "c3"
				},
				{
					"code": "c3_42",
					"desc": "Other Africa",
					"class": "c3",
					"vals": [7552, 7552, 0, 0],
					"level": "2",
					"group": "c3"
				}
			]
		}
	]
}