Local_authority_code,Local_authority_name,MSOA_code,MSOA_name,House_Price,Stamp_Duty,Income_Est
E07000006,South Bucks,E02003688,SouthBucks001,455000,12750,1130
E07000006,South Bucks,E02003689,SouthBucks002,645000,22250,1220
E07000006,South Bucks,E02003690,SouthBucks003,305000,5250,830
E07000006,South Bucks,E02003691,SouthBucks004,345000,7250,1080
E07000006,South Bucks,E02003692,SouthBucks005,335250,6763,980
E07000006,South Bucks,E02003693,SouthBucks006,426500,11325,1130
E07000006,South Bucks,E02003694,SouthBucks007,280000,4000,910
E07000006,South Bucks,E02003695,SouthBucks008,325000,6250,940
