Local_authority_code,Local_authority_name,MSOA_code,MSOA_name,House_Price,Stamp_Duty,Income_Est
E07000119,Fylde,E02005203,Fylde001,166250,825,820
E07000119,Fylde,E02005204,Fylde002,125000,0,720
E07000119,Fylde,E02005205,Fylde003,133995,180,790
E07000119,Fylde,E02005206,Fylde004,117500,0,650
E07000119,Fylde,E02005207,Fylde005,156000,620,670
E07000119,Fylde,E02005208,Fylde006,116500,0,590
E07000119,Fylde,E02005209,Fylde007,123000,0,670
E07000119,Fylde,E02005210,Fylde008,155000,600,630
E07000119,Fylde,E02005211,Fylde009,172000,940,680
