Local_authority_code,Local_authority_name,MSOA_code,MSOA_name,House_Price,Stamp_Duty,Income_Est
E07000077,Uttlesford,E02004591,Uttlesford001,312000,5600,1100
E07000077,Uttlesford,E02004592,Uttlesford002,220000,1900,810
E07000077,Uttlesford,E02004593,Uttlesford003,300750,5038,1060
E07000077,Uttlesford,E02004594,Uttlesford004,310000,5500,1000
E07000077,Uttlesford,E02004595,Uttlesford005,279995,4000,970
E07000077,Uttlesford,E02004596,Uttlesford006,300000,5000,870
E07000077,Uttlesford,E02004597,Uttlesford007,210000,1700,830
E07000077,Uttlesford,E02004598,Uttlesford008,275000,3750,950
E07000077,Uttlesford,E02004599,Uttlesford009,350000,7500,990
