Local_authority_code,Local_authority_name,MSOA_code,MSOA_name,House_Price,Stamp_Duty,Income_Est
E07000029,Copeland,E02004000,Copeland001,62300,0,650
E07000029,Copeland,E02004001,Copeland002,75000,0,550
E07000029,Copeland,E02004002,Copeland003,104000,0,790
E07000029,Copeland,E02004003,Copeland004,65000,0,670
E07000029,Copeland,E02004004,Copeland005,80000,0,610
E07000029,Copeland,E02004005,Copeland006,70000,0,670
E07000029,Copeland,E02004006,Copeland007,132000,140,800
E07000029,Copeland,E02004007,Copeland008,74500,0,610
