Local_authority_code,Local_authority_name,MSOA_code,MSOA_name,House_Price,Stamp_Duty,Income_Est
E07000163,Craven,E02005742,Craven001,140000,300,740
E07000163,Craven,E02005743,Craven002,227500,2050,740
E07000163,Craven,E02005744,Craven003,145000,400,740
E07000163,Craven,E02005745,Craven004,195000,1400,940
E07000163,Craven,E02005746,Craven005,159250,685,690
E07000163,Craven,E02005747,Craven006,123500,0,680
E07000163,Craven,E02005748,Craven007,139950,299,800
E07000163,Craven,E02005749,Craven008,126000,20,700
