Local_authority_code,Local_authority_name,MSOA_code,MSOA_name,House_Price,Stamp_Duty,Income_Est
E07000208,Epsom and Ewell,E02006335,EpsomandEwell001,400000,10000,1030
E07000208,Epsom and Ewell,E02006336,EpsomandEwell002,280000,4000,900
E07000208,Epsom and Ewell,E02006337,EpsomandEwell003,469000,13450,1120
E07000208,Epsom and Ewell,E02006338,EpsomandEwell004,412000,10600,1040
E07000208,Epsom and Ewell,E02006339,EpsomandEwell005,317000,5850,1020
E07000208,Epsom and Ewell,E02006341,EpsomandEwell007,299950,4998,1050
E07000208,Epsom and Ewell,E02006342,EpsomandEwell008,281500,4075,980
E07000208,Epsom and Ewell,E02006343,EpsomandEwell009,374950,8748,1110
E07000208,Epsom and Ewell,E02006837,EpsomandEwell010,342000,7100,1160
