Local_authority_code,Local_authority_name,MSOA_code,MSOA_name,House_Price,Stamp_Duty,Income_Est
E07000135,Oadby and Wigston,E02005412,OadbyandWigston003,150000,500,720
E07000135,Oadby and Wigston,E02005414,OadbyandWigston005,138000,260,600
E07000135,Oadby and Wigston,E02005415,OadbyandWigston006,117750,0,610
E07000135,Oadby and Wigston,E02005416,OadbyandWigston007,142000,340,760
E07000135,Oadby and Wigston,E02006818,OadbyandWigston008,152000,540,770
E07000135,Oadby and Wigston,E02006911,OadbyandWigston009,191000,1320,890
