Local_authority_code,Local_authority_name,MSOA_code,MSOA_name,House_Price,Stamp_Duty,Income_Est
E07000124,Ribble Valley,E02005270,RibbleValley001,206000,1620,840
E07000124,Ribble Valley,E02005271,RibbleValley002,114975,0,680
E07000124,Ribble Valley,E02005272,RibbleValley003,125000,0,630
E07000124,Ribble Valley,E02005273,RibbleValley004,145000,400,970
E07000124,Ribble Valley,E02005274,RibbleValley005,155000,600,800
E07000124,Ribble Valley,E02005275,RibbleValley006,125950,19,770
E07000124,Ribble Valley,E02005276,RibbleValley007,168000,860,930
E07000124,Ribble Valley,E02005277,RibbleValley008,174750,995,800
