Local_authority_code,Local_authority_name,MSOA_code,MSOA_name,House_Price,Stamp_Duty,Income_Est
E07000125,Rossendale,E02005278,Rossendale001,113000,0,860
E07000125,Rossendale,E02005279,Rossendale002,70725,0,600
E07000125,Rossendale,E02005280,Rossendale003,65000,0,630
E07000125,Rossendale,E02005281,Rossendale004,89000,0,700
E07000125,Rossendale,E02005284,Rossendale007,121750,0,820
E07000125,Rossendale,E02005285,Rossendale008,118975,0,790
E07000125,Rossendale,E02005286,Rossendale009,77000,0,670
E07000125,Rossendale,E02006884,Rossendale010,65000,0,590
