Local_authority_code,Local_authority_name,MSOA_code,MSOA_name,House_Price,Stamp_Duty,Income_Est
E07000074,Maldon,E02004555,Maldon001,195000,1400,800
E07000074,Maldon,E02004556,Maldon002,330000,6500,960
E07000074,Maldon,E02004557,Maldon003,216000,1820,850
E07000074,Maldon,E02004558,Maldon004,190000,1300,700
E07000074,Maldon,E02004559,Maldon005,235000,2200,840
E07000074,Maldon,E02004560,Maldon006,196000,1420,740
E07000074,Maldon,E02004561,Maldon007,245000,2400,850
E07000074,Maldon,E02004562,Maldon008,195000,1400,720
