Local_authority_code,Local_authority_name,MSOA_code,MSOA_name,House_Price,Stamp_Duty,Income_Est
E07000048,Christchurch,E02004236,Christchurch001,235000,2200,720
E07000048,Christchurch,E02004237,Christchurch002,262500,3125,750
E07000048,Christchurch,E02004238,Christchurch003,222250,1945,620
E07000048,Christchurch,E02004239,Christchurch004,265000,3250,690
E07000048,Christchurch,E02004240,Christchurch005,200000,1500,640
E07000048,Christchurch,E02004241,Christchurch006,190000,1300,670
E07000048,Christchurch,E02004242,Christchurch007,315000,5750,650
