Local_authority_code,Local_authority_name,MSOA_code,MSOA_name,House_Price,Stamp_Duty,Income_Est
E07000047,West Devon,E02004229,WestDevon001,168000,860,670
E07000047,West Devon,E02004230,WestDevon002,127500,50,610
E07000047,West Devon,E02004231,WestDevon003,215000,1800,750
E07000047,West Devon,E02004232,WestDevon004,169000,880,700
E07000047,West Devon,E02004233,WestDevon005,152000,540,640
E07000047,West Devon,E02004234,WestDevon006,190000,1300,770
E07000047,West Devon,E02004235,WestDevon007,156000,620,770
