Local_authority_code,Local_authority_name,MSOA_code,MSOA_name,House_Price,Stamp_Duty,Income_Est
E07000050,North Dorset,E02004255,NorthDorset001,152750,555,670
E07000050,North Dorset,E02004256,NorthDorset002,178000,1060,780
E07000050,North Dorset,E02004257,NorthDorset003,155000,600,700
E07000050,North Dorset,E02004258,NorthDorset004,180000,1100,650
E07000050,North Dorset,E02004259,NorthDorset005,263000,3150,780
E07000050,North Dorset,E02004260,NorthDorset006,241000,2320,880
E07000050,North Dorset,E02004261,NorthDorset007,161000,720,680
E07000050,North Dorset,E02004262,NorthDorset008,250000,2500,780
