Local_authority_code,Local_authority_name,MSOA_code,MSOA_name,House_Price,Stamp_Duty,Income_Est
E07000053,Weymouth and Portland,E02004281,WeymouthandPortland001,155000,600,630
E07000053,Weymouth and Portland,E02004282,WeymouthandPortland002,187000,1240,710
E07000053,Weymouth and Portland,E02004283,WeymouthandPortland003,187500,1250,680
E07000053,Weymouth and Portland,E02004284,WeymouthandPortland004,142250,345,590
E07000053,Weymouth and Portland,E02004285,WeymouthandPortland005,158500,670,600
E07000053,Weymouth and Portland,E02004286,WeymouthandPortland006,180000,1100,780
E07000053,Weymouth and Portland,E02004287,WeymouthandPortland007,168500,870,690
E07000053,Weymouth and Portland,E02004288,WeymouthandPortland008,147250,445,650
E07000053,Weymouth and Portland,E02004289,WeymouthandPortland009,153000,560,650
