Local_authority_code,Local_authority_name,MSOA_code,MSOA_name,House_Price,Stamp_Duty,Income_Est
E07000201,Forest Heath,E02006238,ForestHeath001,125000,0,640
E07000201,Forest Heath,E02006239,ForestHeath002,125000,0,790
E07000201,Forest Heath,E02006240,ForestHeath003,155000,600,880
E07000201,Forest Heath,E02006241,ForestHeath004,128995,80,690
E07000201,Forest Heath,E02006242,ForestHeath005,190000,1300,890
E07000201,Forest Heath,E02006243,ForestHeath006,179000,1080,760
E07000201,Forest Heath,E02006826,ForestHeath008,164000,780,760
