Local_authority_code,Local_authority_name,MSOA_code,MSOA_name,House_Price,Stamp_Duty,Income_Est
E07000236,Redditch,E02006721,Redditch001,165000,800,810
E07000236,Redditch,E02006722,Redditch002,120000,0,550
E07000236,Redditch,E02006723,Redditch003,147000,440,600
E07000236,Redditch,E02006724,Redditch004,114000,0,530
E07000236,Redditch,E02006725,Redditch005,135000,200,640
E07000236,Redditch,E02006726,Redditch006,127500,50,640
E07000236,Redditch,E02006727,Redditch007,145000,400,700
E07000236,Redditch,E02006728,Redditch008,154850,597,770
E07000236,Redditch,E02006729,Redditch009,138000,260,750
E07000236,Redditch,E02006730,Redditch010,120250,0,580
E07000236,Redditch,E02006731,Redditch011,141000,320,640
E07000236,Redditch,E02006732,Redditch012,160000,700,760
E07000236,Redditch,E02006733,Redditch013,167500,850,840
