Local_authority_code,Local_authority_name,MSOA_code,MSOA_name,House_Price,Stamp_Duty,Income_Est
E07000046,Torridge,E02004220,Torridge001,152475,550,560
E07000046,Torridge,E02004221,Torridge002,205000,1600,650
E07000046,Torridge,E02004222,Torridge003,122500,0,560
E07000046,Torridge,E02004223,Torridge004,138000,260,580
E07000046,Torridge,E02004224,Torridge005,165000,800,660
E07000046,Torridge,E02004225,Torridge006,142000,340,560
E07000046,Torridge,E02004226,Torridge007,180000,1100,640
E07000046,Torridge,E02004227,Torridge008,178725,1075,620
E07000046,Torridge,E02004228,Torridge009,159750,695,640
