Local_authority_code,Local_authority_name,MSOA_code,MSOA_name,House_Price,Stamp_Duty,Income_Est
E07000218,North Warwickshire,E02006468,NorthWarwickshire001,140000,300,670
E07000218,North Warwickshire,E02006469,NorthWarwickshire002,122500,0,620
E07000218,North Warwickshire,E02006470,NorthWarwickshire003,125000,0,600
E07000218,North Warwickshire,E02006471,NorthWarwickshire004,150000,500,750
E07000218,North Warwickshire,E02006472,NorthWarwickshire005,121250,0,610
E07000218,North Warwickshire,E02006473,NorthWarwickshire006,167475,850,690
E07000218,North Warwickshire,E02006474,NorthWarwickshire007,105000,0,710
