Local_authority_code,Local_authority_name,MSOA_code,MSOA_name,House_Price,Stamp_Duty,Income_Est
E07000083,Tewkesbury,E02004666,Tewkesbury001,160000,700,810
E07000083,Tewkesbury,E02004667,Tewkesbury002,135000,200,650
E07000083,Tewkesbury,E02004668,Tewkesbury003,275000,3750,770
E07000083,Tewkesbury,E02004669,Tewkesbury004,282500,4125,920
E07000083,Tewkesbury,E02004670,Tewkesbury005,203000,1560,750
E07000083,Tewkesbury,E02004671,Tewkesbury006,210748,1715,780
E07000083,Tewkesbury,E02004672,Tewkesbury007,158500,670,760
E07000083,Tewkesbury,E02004673,Tewkesbury008,215500,1810,680
E07000083,Tewkesbury,E02004674,Tewkesbury009,177000,1040,710
