Local_authority_code,Local_authority_name,MSOA_code,MSOA_name,House_Price,Stamp_Duty,Income_Est
E07000120,Hyndburn,E02005212,Hyndburn001,69000,0,570
E07000120,Hyndburn,E02005213,Hyndburn002,75000,0,670
E07000120,Hyndburn,E02005214,Hyndburn003,64950,0,640
E07000120,Hyndburn,E02005215,Hyndburn004,63000,0,510
E07000120,Hyndburn,E02005216,Hyndburn005,53000,0,590
E07000120,Hyndburn,E02005217,Hyndburn006,44000,0,520
E07000120,Hyndburn,E02005218,Hyndburn007,70000,0,570
E07000120,Hyndburn,E02005219,Hyndburn008,66500,0,660
E07000120,Hyndburn,E02005220,Hyndburn009,95000,0,670
