Local_authority_code,Local_authority_name,MSOA_code,MSOA_name,House_Price,Stamp_Duty,Income_Est
W06000024,Merthyr Tydfil,W02000284,MerthyrTydfil002,59000,0,600
W06000024,Merthyr Tydfil,W02000285,MerthyrTydfil003,77000,0,740
W06000024,Merthyr Tydfil,W02000286,MerthyrTydfil004,62000,0,510
W06000024,Merthyr Tydfil,W02000287,MerthyrTydfil005,70000,0,670
W06000024,Merthyr Tydfil,W02000288,MerthyrTydfil006,50000,0,530
W06000024,Merthyr Tydfil,W02000289,MerthyrTydfil007,78000,0,630
W06000024,Merthyr Tydfil,W02000415,MerthyrTydfil008,55000,0,520
