Local_authority_code,Local_authority_name,MSOA_code,MSOA_name,House_Price,Stamp_Duty,Income_Est
W06000001,Isle of Anglesey,W02000001,IsleofAnglesey001,109000,0,560
W06000001,Isle of Anglesey,W02000002,IsleofAnglesey002,156000,620,600
W06000001,Isle of Anglesey,W02000003,IsleofAnglesey003,77950,0,420
W06000001,Isle of Anglesey,W02000004,IsleofAnglesey004,135000,200,590
W06000001,Isle of Anglesey,W02000005,IsleofAnglesey005,151000,520,630
W06000001,Isle of Anglesey,W02000006,IsleofAnglesey006,130000,100,620
W06000001,Isle of Anglesey,W02000007,IsleofAnglesey007,119000,0,610
W06000001,Isle of Anglesey,W02000008,IsleofAnglesey008,132500,150,710
W06000001,Isle of Anglesey,W02000009,IsleofAnglesey009,114000,0,650
