Local_authority_code,Local_authority_name,MSOA_code,MSOA_name,House_Price,Stamp_Duty,Income_Est
W06000019,Blaenau Gwent,W02000314,BlaenauGwent001,78500,0,510
W06000019,Blaenau Gwent,W02000315,BlaenauGwent002,65000,0,540
W06000019,Blaenau Gwent,W02000316,BlaenauGwent003,73000,0,510
W06000019,Blaenau Gwent,W02000317,BlaenauGwent004,70000,0,520
W06000019,Blaenau Gwent,W02000318,BlaenauGwent005,60000,0,500
W06000019,Blaenau Gwent,W02000319,BlaenauGwent006,58000,0,530
W06000019,Blaenau Gwent,W02000320,BlaenauGwent007,52000,0,520
W06000019,Blaenau Gwent,W02000321,BlaenauGwent008,48500,0,510
W06000019,Blaenau Gwent,W02000322,BlaenauGwent009,49000,0,500
